{
  "cameras": [
    {
      "id": 0,
      "source": 0,
      "name": "К1",
      "enabled": true,
      "calibrated": true,
      "settings": {
        "width": 1920,
        "height": 1080,
        "fps": 15,
        "tilt_angle": 5.0,
        "height_m": 1.5
      },
      "calibration": {
        "image_points": [
          [
            1,
            334
          ],
          [
            807,
            314
          ],
          [
            844,
            367
          ],
          [
            845,
            478
          ],
          [
            1,
            473
          ]
        ],
        "terrain_points": [
          [
            5.929801071971216,
            1.289741133599335
          ],
          [
            5.948601963131569,
            -2.598283158358967
          ],
          [
            4.948394553401478,
            -2.737409752945491
          ],
          [
            2.9404593774771675,
            -1.0265286573545518
          ],
          [
            2.752450465873769,
            0.9701259838735484
          ]
        ]
      },
      "global_position": [
        40.148387096774194,
        3.6573548387096793
      ],
      "rotation_deg": -2.3859440303887114
    },
    {
      "id": 1,
      "source": 1,
      "name": "K2",
      "enabled": true,
      "calibrated": true,
      "settings": {
        "width": 1920,
        "height": 1080,
        "fps": 15,
        "tilt_angle": 5.0,
        "height_m": 1.5
      },
      "calibration": {
        "image_points": [
          [
            1,
            476
          ],
          [
            1,
            337
          ],
          [
            629,
            279
          ],
          [
            843,
            328
          ],
          [
            844,
            475
          ]
        ],
        "terrain_points": [
          [
            -1.5901869948767686,
            2.0177372718011912
          ],
          [
            -3.0528589948813445,
            4.042975425653693
          ],
          [
            -0.06000705641043286,
            7.545887343613378
          ],
          [
            1.8902222769290107,
            5.933197702582684
          ],
          [
            1.2601481846193379,
            2.5052946051360494
          ]
        ]
      },
      "global_position": [
        40.41935483870967,
        3.567032258064522
      ],
      "rotation_deg": 48.36646066342974
    }
  ],
  "room_map": {
    "width": 20.0,
    "height": 20.0,
    "origin": [
      -10.0,
      0.0
    ]
  },
  "floor_plans": [
    {
      "image": "floor_plan.jpg",
      "extent": [
        0.0,
        70.0,
        0.0,
        24.0
      ],
      "alpha": 0.6
    }
  ],
  "yolo": {
    "model": "yolov8n.pt",
    "confidence_threshold": 0.5,
    "class_id": 0
  }
}